{
  "type": "minecraft:tree",
  "config": {
    "dirt_provider": {
      "type": "minecraft:simple_state_provider",
      "state": {
        "Name": "minecraft:dirt"
      }
    },
    "foliage_provider": {
      "type": "minecraft:simple_state_provider",
      "state": {
        "Name": "minecraft:air"
      }
    },
    "trunk_provider": {
      "type": "minecraft:simple_state_provider",
      "state": {
        "Name": "anomalies:darkened_wooden_log"
      }
    },
    "force_dirt": false,
    "ignore_vines": true,
    "foliage_placer": {
      "type": "minecraft:fancy_foliage_placer",
      "radius": 2,
      "offset": 4,
      "height": 4
    },
    "trunk_placer": {
      "type": "minecraft:fancy_trunk_placer",
      "base_height": 4,
      "height_rand_a": 3,
      "height_rand_b": 1
    },
    "minimum_size": {
      "type": "minecraft:two_layers_feature_size",
      "limit": 0,
      "lower_size": 0,
      "upper_size": 0,
      "min_clipped_height": 4
    },
    "decorators": []
  }
}