{
  "type": "minecraft:ore",
  "config": {
    "size": 7,
    "discard_chance_on_air_exposure": 0,
    "targets": [
      {
        "target": {
          "predicate_type": "blockstate_match",
          "block_state": {
            "Name": "minecraft:netherrack"
          }
        },
        "state": {
          "Name": "anomalies:netherrack_lapis_ore"
        }
      },
      {
        "target": {
          "predicate_type": "blockstate_match",
          "block_state": {
            "Name": "anomalies:warped_netherack"
          }
        },
        "state": {
          "Name": "anomalies:netherrack_lapis_ore"
        }
      }
    ]
  }
}