{
  "feature": "anomalies:crater_1",
  "placement": [
    {
      "type": "minecraft:rarity_filter",
      "chance": 13
    },
    {
      "type": "minecraft:count",
      "count": {
        "type": "uniform",
        "value": {
          "min_inclusive": 0,
          "max_inclusive": 5
        }
      }
    },
    {
      "type": "minecraft:in_square"
    },
    {
      "type": "minecraft:heightmap",
      "heightmap": "WORLD_SURFACE_WG"
    },
    {
      "type": "minecraft:block_predicate_filter",
      "predicate": {
        "type": "minecraft:solid",
        "offset": [
          0,
          -1,
          0
        ]
      }
    }
  ]
}