{
  "parent": "minecraft:recipes/root",
  "criteria": {
    "has_the_recipe": {
      "conditions": {
        "recipe": "anomalies:structure_finder_recipe"
      },
      "trigger": "minecraft:recipe_unlocked"
    },
    "has_ingredient_0": {
      "conditions": {
        "items": [
          {
            "items": [
              "anomalies:pure_amethyst"
            ]
          }
        ]
      },
      "trigger": "minecraft:inventory_changed"
    },
    "has_ingredient_1": {
      "conditions": {
        "items": [
          {
            "items": [
              "anomalies:steel_ingot"
            ]
          }
        ]
      },
      "trigger": "minecraft:inventory_changed"
    },
    "has_ingredient_2": {
      "conditions": {
        "items": [
          {
            "items": [
              "minecraft:ender_eye"
            ]
          }
        ]
      },
      "trigger": "minecraft:inventory_changed"
    },
    "has_ingredient_3": {
      "conditions": {
        "items": [
          {
            "items": [
              "minecraft:compass"
            ]
          }
        ]
      },
      "trigger": "minecraft:inventory_changed"
    },
    "has_ingredient_4": {
      "conditions": {
        "items": [
          {
            "items": [
              "minecraft:recovery_compass"
            ]
          }
        ]
      },
      "trigger": "minecraft:inventory_changed"
    }
  },
  "requirements": [
    [
      "has_the_recipe",
      "has_ingredient_0",
      "has_ingredient_1",
      "has_ingredient_2",
      "has_ingredient_3",
      "has_ingredient_4"
    ]
  ],
  "rewards": {
    "recipes": [
      "anomalies:structure_finder_recipe"
    ]
  }
}