{
  "_fv": 79,
  "_type": "feature",
  "definition": {
    "skipPlacement": false,
    "generationStep": "RAW_GENERATION",
    "restrictionBiomes": [
      {
        "value": "CUSTOM:Darken"
      }
    ],
    "featurexml": "<xml xmlns=\"https://developers.google.com/blockly/xml\"><block type=\"feature_container\" deletable=\"false\" x=\"40\" y=\"40\"><value name=\"feature\"><block type=\"feature_random_patch_simple\"><field name=\"tries\">128</field><field name=\"xzSpread\">7</field><field name=\"ySpread\">3</field><field name=\"schedule_tick\">FALSE</field><value name=\"block\"><block type=\"blockstate_selector\"><mutation xmlns=\"http://www.w3.org/1999/xhtml\" inputs=\"0\"></mutation><field name=\"block\">Blocks.AIR</field></block></value><value name=\"condition\"><block type=\"block_predicate_not\"><value name=\"condition\"><block type=\"block_predicate_is_air\"></block></value></block></value></block></value><next><block type=\"placement_rarity\"><field name=\"rarity\">13</field><next><block type=\"placement_count\"><value name=\"count\"><block type=\"int_provider_uniform\"><field name=\"min\">0</field><field name=\"max\">5</field></block></value><next><block type=\"placement_in_square\"><next><block type=\"placement_heightmap\"><field name=\"heightmap\">WORLD_SURFACE_WG</field><next><block type=\"placement_block_predicate_filter\"><value name=\"condition\"><block type=\"block_predicate_solid\"><field name=\"x\">0</field><field name=\"y\">-1</field><field name=\"z\">0</field></block></value></block></next></block></next></block></next></block></next></block></next></block></xml>"
  }
}