{
  "_fv": 79,
  "_type": "recipe",
  "definition": {
    "recipeType": "Crafting",
    "recipeRetstackSize": 4,
    "group": "stick",
    "unlockingItems": [
      {
        "value": "TAG:mod:planks"
      }
    ],
    "cookingBookCategory": "MISC",
    "xpReward": 0.0,
    "cookingTime": 200,
    "craftingBookCategory": "MISC",
    "recipeShapeless": false,
    "recipeSlots": [
      {
        "value": "TAG:mod:planks"
      },
      {
        "value": ""
      },
      {
        "value": ""
      },
      {
        "value": "TAG:mod:planks"
      },
      {
        "value": ""
      },
      {
        "value": ""
      },
      {
        "value": ""
      },
      {
        "value": ""
      },
      {
        "value": ""
      }
    ],
    "recipeReturnStack": {
      "value": "Items.STICK"
    },
    "name": "custom_sticks_recipe",
    "namespace": "mod"
  }
}