{
  "_fv": 79,
  "_type": "potioneffect",
  "definition": {
    "effectName": "Darkened",
    "icon": "darkened_effect",
    "color": {
      "value": -10066330,
      "falpha": 0.0
    },
    "onAddedSound": {
      "value": ""
    },
    "isInstant": false,
    "mobEffectCategory": "NEUTRAL",
    "renderStatusInInventory": true,
    "renderStatusInHUD": true,
    "isCuredbyHoney": false,
    "modifiers": [
      {
        "attribute": {
          "value": "ENTITY_GRAVITY"
        },
        "amount": -1.0,
        "operation": "ADD_MULTIPLIED_BASE"
      },
      {
        "attribute": {
          "value": "ARMOR"
        },
        "amount": -2.0,
        "operation": "ADD_VALUE"
      },
      {
        "attribute": {
          "value": "MOVEMENT_SPEED"
        },
        "amount": -0.3,
        "operation": "ADD_MULTIPLIED_BASE"
      }
    ]
  }
}