{
  "_fv": 79,
  "_type": "procedure",
  "definition": {
    "procedurexml": "<xml xmlns=\"https://developers.google.com/blockly/xml\"><block type=\"event_trigger\" deletable=\"false\" x=\"40\" y=\"40\"><field name=\"trigger\">no_ext_trigger</field><next><block type=\"controls_repeat_ext\"><value name=\"TIMES\"><block type=\"math_random_number_between\"><value name=\"min\"><block type=\"math_number\"><field name=\"NUM\">1</field></block></value><value name=\"max\"><block type=\"math_number\"><field name=\"NUM\">10</field></block></value></block></value><statement name=\"DO\"><block type=\"wait\"><value name=\"ticks\"><block type=\"math_random_number_between\"><value name=\"min\"><block type=\"math_number\"><field name=\"NUM\">10</field></block></value><value name=\"max\"><block type=\"math_number\"><field name=\"NUM\">100</field></block></value></block></value><statement name=\"do\"><block type=\"deal_damage\"><value name=\"amount\"><block type=\"math_number\"><field name=\"NUM\">1</field></block></value><value name=\"entity\"><block type=\"entity_from_deps\"></block></value><value name=\"damagesource\"><block type=\"damagesource_from_type\"><field name=\"damagetype\">PLAYER_ATTACK</field></block></value></block></statement></block></statement></block></next></block></xml>",
    "skipDependencyNullCheck": false
  }
}