{
  "_fv": 79,
  "_type": "recipe",
  "definition": {
    "recipeType": "Crafting",
    "recipeRetstackSize": 3,
    "group": "",
    "unlockingItems": [
      {
        "value": "CUSTOM:Darkened_Wooden_Planks"
      }
    ],
    "cookingBookCategory": "MISC",
    "xpReward": 0.0,
    "cookingTime": 200,
    "craftingBookCategory": "BUILDING",
    "recipeShapeless": false,
    "recipeSlots": [
      {
        "value": "Items.STICK"
      },
      {
        "value": "CUSTOM:Darkened_Wooden_Planks"
      },
      {
        "value": "Items.STICK"
      },
      {
        "value": "Items.STICK"
      },
      {
        "value": "Items.STICK"
      },
      {
        "value": "Items.STICK"
      },
      {
        "value": "Items.STICK"
      },
      {
        "value": "CUSTOM:Darkened_Wooden_Planks"
      },
      {
        "value": "Items.STICK"
      }
    ],
    "recipeReturnStack": {
      "value": "CUSTOM:Darkenedwoodladder"
    },
    "name": "darkenedladderrecipe",
    "namespace": "mod"
  }
}