{
  "_fv": 79,
  "_type": "structure",
  "definition": {
    "structure": "nether_tower_small",
    "projection": "rigid",
    "ignoredBlocks": [
      {
        "value": "Blocks.STRUCTURE_BLOCK"
      }
    ],
    "spacing": 40,
    "separation": 20,
    "restrictionBiomes": [
      {
        "value": "CUSTOM:WarpedPrecinct"
      },
      {
        "value": "nether"
      },
      {
        "value": "soul_sand_valley"
      }
    ],
    "terrainAdaptation": "beard_thin",
    "generationStep": "UNDERGROUND_STRUCTURES",
    "surfaceDetectionType": "WORLD_SURFACE_WG",
    "useStartHeight": false,
    "startHeightProviderType": "UNIFORM",
    "startHeightMin": 0,
    "startHeightMax": 128,
    "size": 1,
    "maxDistanceFromCenter": 64,
    "jigsawPools": []
  }
}