{
  "_fv": 79,
  "_type": "block",
  "definition": {
    "texture": "netherrack_gold_ore",
    "textureTop": "",
    "textureLeft": "",
    "textureFront": "",
    "textureRight": "",
    "textureBack": "",
    "renderType": 11,
    "customModelName": "Single texture",
    "rotationMode": 0,
    "enablePitch": false,
    "emissiveRendering": false,
    "displayFluidOverlay": false,
    "animations": [],
    "itemTexture": "",
    "particleTexture": "",
    "blockSetType": "OAK",
    "tintType": "No tint",
    "isItemTinted": false,
    "hasTransparency": false,
    "connectedSides": false,
    "transparencyType": "SOLID",
    "disableOffset": false,
    "boundingBoxes": [
      {
        "mx": 0.0,
        "my": 0.0,
        "mz": 0.0,
        "Mx": 16.0,
        "My": 16.0,
        "Mz": 16.0,
        "subtract": false
      }
    ],
    "customProperties": [],
    "name": "Netherrack Gold Ore",
    "specialInformation": {
      "fixedValue": []
    },
    "hardness": 2.0,
    "resistance": 2.0,
    "hasGravity": false,
    "isWaterloggable": false,
    "hasBlockItem": true,
    "maxStackSize": 64,
    "rarity": "COMMON",
    "immuneToFire": false,
    "creativeTabs": [
      {
        "value": "CUSTOM:Anomalies"
      }
    ],
    "destroyTool": "pickaxe",
    "customDrop": {
      "value": "Items.RAW_GOLD"
    },
    "dropAmount": 1,
    "useLootTableForDrops": false,
    "requiresCorrectTool": true,
    "enchantPowerBonus": 0.0,
    "plantsGrowOn": false,
    "canRedstoneConnect": false,
    "lightOpacity": 15,
    "tickRate": 0,
    "tickRandomly": false,
    "isReplaceable": false,
    "canProvidePower": false,
    "emittedRedstonePower": {
      "fixedValue": 15.0
    },
    "colorOnMap": "DEFAULT",
    "noteBlockInstrument": "pling",
    "creativePickItem": {
      "value": ""
    },
    "offsetType": "NONE",
    "aiPathNodeType": "DEFAULT",
    "ignitedByLava": false,
    "flammability": 0,
    "fireSpreadSpeed": 0,
    "isLadder": false,
    "slipperiness": 0.6,
    "speedFactor": 1.0,
    "jumpFactor": 1.0,
    "reactionToPushing": "NORMAL",
    "isNotColidable": false,
    "isCustomSoundType": false,
    "soundOnStep": {
      "value": "NETHERRACK"
    },
    "breakSound": {
      "value": ""
    },
    "fallSound": {
      "value": ""
    },
    "hitSound": {
      "value": ""
    },
    "placeSound": {
      "value": ""
    },
    "stepSound": {
      "value": ""
    },
    "luminance": 0,
    "unbreakable": false,
    "vanillaToolTier": "IRON",
    "isBonemealable": false,
    "sensitiveToVibration": false,
    "vibrationalEvents": [],
    "vibrationSensitivityRadius": {
      "fixedValue": 7.0
    },
    "hasInventory": false,
    "openGUIOnRightClick": false,
    "inventorySize": 9,
    "inventoryStackSize": 99,
    "inventoryDropWhenDestroyed": true,
    "inventoryComparatorPower": true,
    "inventoryOutSlotIDs": [],
    "inventoryInSlotIDs": [],
    "hasEnergyStorage": false,
    "energyInitial": 0,
    "energyCapacity": 400000,
    "energyMaxReceive": 200,
    "energyMaxExtract": 200,
    "isFluidTank": false,
    "fluidCapacity": 8000,
    "fluidRestrictions": [],
    "generateFeature": true,
    "restrictionBiomes": [
      {
        "value": "CUSTOM:WarpedPrecinct"
      },
      {
        "value": "crimson_forest"
      },
      {
        "value": "warped_forest"
      },
      {
        "value": "nether"
      },
      {
        "value": "soul_sand_valley"
      },
      {
        "value": "basalt_deltas"
      }
    ],
    "blocksToReplace": [
      {
        "value": "Blocks.NETHERRACK"
      },
      {
        "value": "CUSTOM:WarpedNetherack"
      }
    ],
    "generationShape": "TRIANGLE",
    "frequencyPerChunks": 3,
    "frequencyOnChunk": 10,
    "minGenerateHeight": -64,
    "maxGenerateHeight": 100
  }
}