{
  "_fv": 79,
  "_type": "armor",
  "definition": {
    "enableHelmet": true,
    "textureHelmet": "oak__head",
    "enableBody": true,
    "textureBody": "oak__body",
    "enableLeggings": true,
    "textureLeggings": "oak__leggings",
    "enableBoots": true,
    "textureBoots": "oak__boots",
    "creativeTabs": [
      {
        "value": "CUSTOM:Anomalies"
      }
    ],
    "armorTextureFile": "oak_",
    "helmetName": "Oak Helmet",
    "bodyName": "Oak Chestplate",
    "leggingsName": "Oak Leggings",
    "bootsName": "Oak Boots",
    "helmetSpecialInformation": {
      "fixedValue": []
    },
    "bodySpecialInformation": {
      "fixedValue": []
    },
    "leggingsSpecialInformation": {
      "fixedValue": []
    },
    "bootsSpecialInformation": {
      "fixedValue": []
    },
    "helmetModelName": "Default",
    "helmetModelPart": "Helmet",
    "helmetModelTexture": "From armor",
    "bodyModelName": "Default",
    "bodyModelPart": "Body",
    "armsModelPartL": "Arms L",
    "armsModelPartR": "Arms R",
    "bodyModelTexture": "From armor",
    "leggingsModelName": "Default",
    "leggingsModelPartL": "Leggings L",
    "leggingsModelPartR": "Leggings R",
    "leggingsModelTexture": "From armor",
    "bootsModelName": "Default",
    "bootsModelPartL": "Boots L",
    "bootsModelPartR": "Boots R",
    "bootsModelTexture": "From armor",
    "helmetItemRenderType": 0,
    "helmetItemCustomModelName": "Normal",
    "bodyItemRenderType": 0,
    "bodyItemCustomModelName": "Normal",
    "leggingsItemRenderType": 0,
    "leggingsItemCustomModelName": "Normal",
    "bootsItemRenderType": 0,
    "bootsItemCustomModelName": "Normal",
    "helmetImmuneToFire": false,
    "bodyImmuneToFire": false,
    "leggingsImmuneToFire": false,
    "bootsImmuneToFire": false,
    "helmetGlowCondition": {
      "fixedValue": false
    },
    "bodyGlowCondition": {
      "fixedValue": false
    },
    "leggingsGlowCondition": {
      "fixedValue": false
    },
    "bootsGlowCondition": {
      "fixedValue": false
    },
    "helmetPiglinNeutral": {
      "fixedValue": false
    },
    "bodyPiglinNeutral": {
      "fixedValue": false
    },
    "leggingsPiglinNeutral": {
      "fixedValue": false
    },
    "bootsPiglinNeutral": {
      "fixedValue": false
    },
    "maxDamage": 6,
    "damageValueHelmet": 1,
    "damageValueBody": 3,
    "damageValueLeggings": 3,
    "damageValueBoots": 1,
    "enchantability": 12,
    "toughness": 0.0,
    "knockbackResistance": 0.0,
    "equipSound": {
      "value": "item.armor.equip_generic"
    },
    "repairItems": [
      {
        "value": "TAG:minecraft:planks"
      },
      {
        "value": "TAG:mod:planks"
      }
    ]
  }
}