{
  "_fv": 79,
  "_type": "recipe",
  "definition": {
    "recipeType": "Smelting",
    "recipeRetstackSize": 1,
    "group": "",
    "unlockingItems": [
      {
        "value": "CUSTOM:OlivineOre"
      },
      {
        "value": "CUSTOM:Olivine"
      },
      {
        "value": "CUSTOM:OlivineBlock"
      }
    ],
    "cookingBookCategory": "MISC",
    "xpReward": 1.0499999999999998,
    "cookingTime": 200,
    "craftingBookCategory": "MISC",
    "recipeShapeless": false,
    "smeltingInputStack": {
      "value": "CUSTOM:OlivineOre"
    },
    "smeltingReturnStack": {
      "value": "CUSTOM:Olivine"
    },
    "name": "olivine_ore_smelting",
    "namespace": "mod"
  }
}