{
  "_fv": 79,
  "_type": "armor",
  "definition": {
    "enableHelmet": false,
    "textureHelmet": "",
    "enableBody": true,
    "textureBody": "peacoack_tail_texture",
    "enableLeggings": false,
    "textureLeggings": "",
    "enableBoots": false,
    "textureBoots": "",
    "creativeTabs": [
      {
        "value": "CUSTOM:Anomalies"
      }
    ],
    "armorTextureFile": "oak_",
    "helmetName": "Peacock Tail Helmet",
    "bodyName": "Peacock Tail",
    "leggingsName": "Peacock Tail Leggings",
    "bootsName": "Peacock Tail Boots",
    "helmetSpecialInformation": {
      "fixedValue": []
    },
    "bodySpecialInformation": {
      "fixedValue": []
    },
    "leggingsSpecialInformation": {
      "fixedValue": []
    },
    "bootsSpecialInformation": {
      "fixedValue": []
    },
    "helmetModelName": "Default",
    "helmetModelPart": "Helmet",
    "helmetModelTexture": "From armor",
    "bodyModelName": "Modelpeacock_tail",
    "bodyModelPart": "PeacockTail",
    "armsModelPartL": "ArmL",
    "armsModelPartR": "ArmR",
    "bodyModelTexture": "peacock_tail_texture.png",
    "leggingsModelName": "Default",
    "leggingsModelPartL": "Leggings L",
    "leggingsModelPartR": "Leggings R",
    "leggingsModelTexture": "From armor",
    "bootsModelName": "Default",
    "bootsModelPartL": "Boots L",
    "bootsModelPartR": "Boots R",
    "bootsModelTexture": "From armor",
    "helmetItemRenderType": 0,
    "helmetItemCustomModelName": "Normal",
    "bodyItemRenderType": 0,
    "bodyItemCustomModelName": "Normal",
    "leggingsItemRenderType": 0,
    "leggingsItemCustomModelName": "Normal",
    "bootsItemRenderType": 0,
    "bootsItemCustomModelName": "Normal",
    "helmetImmuneToFire": false,
    "bodyImmuneToFire": false,
    "leggingsImmuneToFire": false,
    "bootsImmuneToFire": false,
    "helmetGlowCondition": {
      "fixedValue": false
    },
    "bodyGlowCondition": {
      "fixedValue": false
    },
    "leggingsGlowCondition": {
      "fixedValue": false
    },
    "bootsGlowCondition": {
      "fixedValue": false
    },
    "helmetPiglinNeutral": {
      "fixedValue": false
    },
    "bodyPiglinNeutral": {
      "fixedValue": false
    },
    "leggingsPiglinNeutral": {
      "fixedValue": false
    },
    "bootsPiglinNeutral": {
      "fixedValue": false
    },
    "maxDamage": 30,
    "damageValueHelmet": 4,
    "damageValueBody": 10,
    "damageValueLeggings": 10,
    "damageValueBoots": 4,
    "enchantability": 8,
    "toughness": 1.6,
    "knockbackResistance": 0.0,
    "equipSound": {
      "value": "block.bamboo.hit"
    },
    "repairItems": [
      {
        "value": "Items.FEATHER"
      }
    ]
  }
}