{
  "_fv": 79,
  "_type": "recipe",
  "definition": {
    "recipeType": "Smoking",
    "recipeRetstackSize": 1,
    "group": "",
    "unlockingItems": [
      {
        "value": "Items.AMETHYST_SHARD"
      },
      {
        "value": "Blocks.AMETHYST_BLOCK"
      }
    ],
    "cookingBookCategory": "MISC",
    "xpReward": 1.0,
    "cookingTime": 200,
    "craftingBookCategory": "MISC",
    "recipeShapeless": false,
    "smokingInputStack": {
      "value": "Items.AMETHYST_SHARD"
    },
    "smokingReturnStack": {
      "value": "CUSTOM:PureAmethyst"
    },
    "name": "pure_amethyst_recipe",
    "namespace": "mod"
  }
}