{
  "_fv": 79,
  "_type": "procedure",
  "definition": {
    "procedurexml": "<xml xmlns=\"https://developers.google.com/blockly/xml\"><block type=\"event_trigger\" deletable=\"false\" x=\"40\" y=\"40\"><field name=\"trigger\">no_ext_trigger</field><next><block type=\"wait\"><value name=\"ticks\"><block type=\"math_number\"><field name=\"NUM\">200</field></block></value><statement name=\"do\"><block type=\"entity_add_potion\"><field name=\"potion\">REGENERATION</field><value name=\"level\"><block type=\"math_number\"><field name=\"NUM\">1</field></block></value><value name=\"duration\"><block type=\"math_number\"><field name=\"NUM\">60</field></block></value><value name=\"entity\"><block type=\"entity_from_deps\"></block></value></block></statement><next><block type=\"item_cooldown_for\"><value name=\"item\"><block type=\"itemstack_to_mcitem\"></block></value><value name=\"ticks\"><block type=\"math_number\"><field name=\"NUM\">300</field></block></value><value name=\"entity\"><block type=\"entity_from_deps\"></block></value></block></next></block></next></block></xml>",
    "skipDependencyNullCheck": false
  }
}