{
  "_fv": 79,
  "_type": "livingentity",
  "definition": {
    "mobName": "Residuous Loner",
    "mobLabel": "",
    "mobModelName": "ModelResiduous_Loner",
    "mobModelTexture": "residuous_loner.png",
    "transparentModelCondition": {
      "fixedValue": false
    },
    "isShakingCondition": {
      "fixedValue": false
    },
    "solidBoundingBox": {
      "fixedValue": false
    },
    "visualScale": {
      "fixedValue": 1.0
    },
    "boundingBoxScale": {
      "fixedValue": 1.0
    },
    "modelLayers": [],
    "animations": [
      {
        "animation": {
          "value": "CUSTOM:Residuous_LonerAnimation.idle"
        },
        "speed": 1.0,
        "condition": {
          "name": "ResiduousLonerIdlePlaybackCondition"
        },
        "walking": false,
        "amplitude": 1.0
      },
      {
        "animation": {
          "value": "CUSTOM:Residuous_LonerAnimation.walk"
        },
        "speed": 1.0,
        "walking": true,
        "amplitude": 1.0
      },
      {
        "animation": {
          "value": "CUSTOM:Residuous_LonerAnimation.walk"
        },
        "speed": 1.4000000000000001,
        "condition": {
          "name": "ResiduousLonerSprintPlaybackCondition"
        },
        "walking": false,
        "amplitude": 1.0
      },
      {
        "animation": {
          "value": "CUSTOM:Residuous_LonerAnimation.attack"
        },
        "speed": 1.0,
        "condition": {
          "name": "ResiduousLonerAttackPlaybackCondition"
        },
        "walking": false,
        "amplitude": 1.0
      }
    ],
    "modelWidth": 1.0999999999999999,
    "modelHeight": 1.5,
    "modelShadowSize": 1.5,
    "mountedYOffset": 2.5,
    "hasSpawnEgg": true,
    "spawnEggBaseColor": {
      "value": -16777216,
      "falpha": 0.0
    },
    "spawnEggDotColor": {
      "value": -1,
      "falpha": 0.0
    },
    "creativeTabs": [
      {
        "value": "CUSTOM:Anomalies"
      }
    ],
    "isBoss": false,
    "bossBarColor": "PINK",
    "bossBarType": "PROGRESS",
    "equipmentMainHand": {
      "value": ""
    },
    "equipmentOffHand": {
      "value": ""
    },
    "equipmentHelmet": {
      "value": ""
    },
    "equipmentBody": {
      "value": ""
    },
    "equipmentLeggings": {
      "value": ""
    },
    "equipmentBoots": {
      "value": ""
    },
    "mobBehaviourType": "Mob",
    "mobCreatureType": "ILLAGER",
    "attackStrength": 6,
    "attackKnockback": 0.7999999999999999,
    "knockbackResistance": 0.30000000000000004,
    "movementSpeed": 0.25,
    "stepHeight": 0.6,
    "armorBaseValue": 6.0,
    "trackingRange": 64,
    "followRange": 16,
    "health": 24,
    "xpAmount": 8,
    "waterMob": false,
    "breatheUnderwater": {
      "fixedValue": false
    },
    "pushedByFluids": {
      "fixedValue": true
    },
    "flyingMob": false,
    "inventorySize": 9,
    "inventoryStackSize": 99,
    "disableCollisions": false,
    "ridable": false,
    "canControlForward": false,
    "canControlStrafe": false,
    "immuneToFire": true,
    "immuneToArrows": true,
    "immuneToFallDamage": false,
    "immuneToCactus": false,
    "immuneToDrowning": false,
    "immuneToLightning": true,
    "immuneToPotions": false,
    "immuneToPlayer": false,
    "immuneToExplosion": false,
    "immuneToTrident": false,
    "immuneToAnvil": false,
    "immuneToWither": false,
    "immuneToDragonBreath": false,
    "mobDrop": {
      "value": ""
    },
    "livingSound": {
      "value": ""
    },
    "hurtSound": {
      "value": "entity.generic.hurt"
    },
    "deathSound": {
      "value": "entity.generic.death"
    },
    "stepSound": {
      "value": ""
    },
    "raidCelebrationSound": {
      "value": ""
    },
    "entityDataEntries": [],
    "hasAI": true,
    "aiBase": "(none)",
    "aixml": "<xml xmlns=\"https://developers.google.com/blockly/xml\"><block type=\"aitasks_container\" deletable=\"false\" x=\"40\" y=\"40\"><next><block type=\"attack_on_collide\"><field name=\"speed\">1.2</field><field name=\"longmemory\">TRUE</field><field name=\"condition\">null,null</field><next><block type=\"attack_entity\"><field name=\"insight\">FALSE</field><field name=\"nearby\">FALSE</field><field name=\"entity\">EntityPlayer</field><field name=\"condition\">null,null</field><next><block type=\"attack_action\"><field name=\"callhelp\">FALSE</field><field name=\"condition\">null,null</field><next><block type=\"attack_entity\"><field name=\"insight\">TRUE</field><field name=\"nearby\">TRUE</field><field name=\"entity\">EntityAnimal</field><field name=\"condition\">null,null</field><next><block type=\"wander\"><field name=\"speed\">1</field><field name=\"condition\">null,null</field><next><block type=\"look_around\"><field name=\"condition\">null,null</field></block></next></block></next></block></next></block></next></block></next></block></next></block></xml>",
    "breedable": false,
    "tameable": false,
    "breedTriggerItems": [],
    "ranged": false,
    "rangedAttackItem": {
      "value": ""
    },
    "rangedItemType": "Default item",
    "rangedAttackInterval": 20,
    "rangedAttackRadius": 10.0,
    "spawnThisMob": true,
    "doesDespawnWhenIdle": true,
    "spawningProbability": 30,
    "mobSpawningType": "monster",
    "minNumberOfMobsPerGroup": 1,
    "maxNumberOfMobsPerGroup": 1,
    "restrictionBiomes": [
      {
        "value": "CUSTOM:WarpedPrecinct"
      }
    ],
    "spawnInDungeons": false,
    "raidSpawnsCount": [
      4,
      3,
      3,
      4,
      4,
      4,
      2
    ],
    "sensitiveToVibration": false,
    "vibrationalEvents": [],
    "vibrationSensitivityRadius": {
      "fixedValue": 7.0
    }
  }
}