{
  "_fv": 79,
  "_type": "recipe",
  "definition": {
    "recipeType": "Blasting",
    "recipeRetstackSize": 1,
    "group": "",
    "unlockingItems": [
      {
        "value": "CUSTOM:SteelMixture"
      }
    ],
    "cookingBookCategory": "MISC",
    "xpReward": 3.0,
    "cookingTime": 600,
    "craftingBookCategory": "MISC",
    "recipeShapeless": false,
    "blastingInputStack": {
      "value": "CUSTOM:SteelMixture"
    },
    "blastingReturnStack": {
      "value": "CUSTOM:SteelIngot"
    },
    "name": "steel_ingot_recipe",
    "namespace": "mod"
  }
}