{
  "_fv": 79,
  "_type": "recipe",
  "definition": {
    "recipeType": "Crafting",
    "recipeRetstackSize": 1,
    "group": "",
    "unlockingItems": [
      {
        "value": "CUSTOM:CoalCoke"
      },
      {
        "value": "CUSTOM:Limestone"
      },
      {
        "value": "Items.RAW_IRON"
      }
    ],
    "cookingBookCategory": "MISC",
    "xpReward": 0.0,
    "cookingTime": 200,
    "craftingBookCategory": "MISC",
    "recipeShapeless": true,
    "recipeSlots": [
      {
        "value": "CUSTOM:CoalCoke"
      },
      {
        "value": "CUSTOM:Limestone"
      },
      {
        "value": ""
      },
      {
        "value": "Items.RAW_IRON"
      },
      {
        "value": ""
      },
      {
        "value": ""
      },
      {
        "value": ""
      },
      {
        "value": ""
      },
      {
        "value": ""
      }
    ],
    "recipeReturnStack": {
      "value": "CUSTOM:SteelMixture"
    },
    "name": "steel_mixture_recipe",
    "namespace": "mod"
  }
}