{
  "_fv": 79,
  "_type": "tool",
  "definition": {
    "toolType": "Hoe",
    "renderType": 0,
    "blockingRenderType": 0,
    "texture": "steel_hoe",
    "customModelName": "Normal",
    "blockingModelName": "Normal blocking",
    "guiTexture": "",
    "name": "Steel Hoe",
    "specialInformation": {
      "fixedValue": []
    },
    "creativeTabs": [
      {
        "value": "CUSTOM:Anomalies"
      }
    ],
    "efficiency": 9.0,
    "attackSpeed": 4.0,
    "enchantability": 15,
    "damageVsEntity": 2.0,
    "usageCount": 1164,
    "glowCondition": {
      "fixedValue": false
    },
    "repairItems": [
      {
        "value": "CUSTOM:SteelIngot"
      }
    ],
    "immuneToFire": false,
    "blockDropsTier": "DIAMOND",
    "blocksAffected": [],
    "stayInGridWhenCrafting": false,
    "damageOnCrafting": false
  }
}