{
  "_fv": 79,
  "_type": "tool",
  "definition": {
    "toolType": "Sword",
    "renderType": 0,
    "blockingRenderType": 0,
    "texture": "stone_dagger",
    "customModelName": "Normal",
    "blockingModelName": "Normal blocking",
    "guiTexture": "",
    "name": "Stone Dagger",
    "specialInformation": {
      "fixedValue": []
    },
    "creativeTabs": [
      {
        "value": "CUSTOM:Anomalies"
      }
    ],
    "efficiency": 4.0,
    "attackSpeed": 4.0,
    "enchantability": 5,
    "damageVsEntity": 3.9999999999999996,
    "usageCount": 131,
    "glowCondition": {
      "fixedValue": false
    },
    "repairItems": [
      {
        "value": "Blocks.STONE"
      }
    ],
    "immuneToFire": false,
    "blockDropsTier": "STONE",
    "blocksAffected": [],
    "stayInGridWhenCrafting": false,
    "damageOnCrafting": false
  }
}