{
  "_fv": 79,
  "_type": "procedure",
  "definition": {
    "procedurexml": "<xml xmlns=\"https://developers.google.com/blockly/xml\"><block type=\"event_trigger\" deletable=\"false\" x=\"40\" y=\"40\"><field name=\"trigger\">no_ext_trigger</field><next><block type=\"return_logic\"><value name=\"return\"><block type=\"entity_issprinting\"><value name=\"entity\"><block type=\"entity_from_deps\"></block></value></block></value></block></next></block></xml>",
    "skipDependencyNullCheck": false
  }
}