{
  "_fv": 79,
  "_type": "recipe",
  "definition": {
    "recipeType": "Smelting",
    "recipeRetstackSize": 1,
    "group": "",
    "unlockingItems": [
      {
        "value": "CUSTOM:TordoliteOre"
      },
      {
        "value": "CUSTOM:DeepslateTordoliteOre"
      }
    ],
    "cookingBookCategory": "MISC",
    "xpReward": 2.8,
    "cookingTime": 200,
    "craftingBookCategory": "MISC",
    "recipeShapeless": false,
    "smeltingInputStack": {
      "value": "CUSTOM:TordoliteOre"
    },
    "smeltingReturnStack": {
      "value": "CUSTOM:Tordolite"
    },
    "name": "tordolite_ore_smelting",
    "namespace": "mod"
  }
}