{
  "_fv": 79,
  "_type": "armor",
  "definition": {
    "enableHelmet": true,
    "textureHelmet": "torvine_head",
    "enableBody": true,
    "textureBody": "torvine_body",
    "enableLeggings": true,
    "textureLeggings": "torvine_leggings",
    "enableBoots": true,
    "textureBoots": "torvine_boots",
    "creativeTabs": [
      {
        "value": "CUSTOM:Anomalies"
      }
    ],
    "armorTextureFile": "torvine",
    "helmetName": "Torvine Helmet",
    "bodyName": "Torvine Chestplate",
    "leggingsName": "Torvine Leggings",
    "bootsName": "Torvine Boots",
    "helmetSpecialInformation": {
      "fixedValue": []
    },
    "bodySpecialInformation": {
      "fixedValue": []
    },
    "leggingsSpecialInformation": {
      "fixedValue": []
    },
    "bootsSpecialInformation": {
      "fixedValue": []
    },
    "helmetModelName": "ModelTorvite_Helmet",
    "helmetModelPart": "TorvineHelmet",
    "helmetModelTexture": "torvitehelmet_texture.png",
    "bodyModelName": "Modeltorvine_chestplate",
    "bodyModelPart": "TorvineChestplate",
    "armsModelPartL": "ArmL",
    "armsModelPartR": "ArmR",
    "bodyModelTexture": "torvitechestplate_texture.png",
    "leggingsModelName": "ModelTorvine_Leggings",
    "leggingsModelPartL": "LegL",
    "leggingsModelPartR": "LegR",
    "leggingsModelTexture": "torviteleggings_texture.png",
    "bootsModelName": "ModelTorvine_Boots",
    "bootsModelPartL": "LegL",
    "bootsModelPartR": "LegR",
    "bootsModelTexture": "torviteboots_texture.png",
    "helmetItemRenderType": 0,
    "helmetItemCustomModelName": "Normal",
    "bodyItemRenderType": 0,
    "bodyItemCustomModelName": "Normal",
    "leggingsItemRenderType": 0,
    "leggingsItemCustomModelName": "Normal",
    "bootsItemRenderType": 0,
    "bootsItemCustomModelName": "Normal",
    "helmetImmuneToFire": true,
    "bodyImmuneToFire": true,
    "leggingsImmuneToFire": true,
    "bootsImmuneToFire": true,
    "helmetGlowCondition": {
      "fixedValue": false
    },
    "bodyGlowCondition": {
      "fixedValue": false
    },
    "leggingsGlowCondition": {
      "fixedValue": false
    },
    "bootsGlowCondition": {
      "fixedValue": false
    },
    "helmetPiglinNeutral": {
      "fixedValue": false
    },
    "bodyPiglinNeutral": {
      "fixedValue": false
    },
    "leggingsPiglinNeutral": {
      "fixedValue": false
    },
    "bootsPiglinNeutral": {
      "fixedValue": false
    },
    "maxDamage": 40,
    "damageValueHelmet": 5,
    "damageValueBody": 16,
    "damageValueLeggings": 13,
    "damageValueBoots": 5,
    "enchantability": 27,
    "toughness": 3.0,
    "knockbackResistance": 0.2,
    "equipSound": {
      "value": ""
    },
    "repairItems": [
      {
        "value": "CUSTOM:TorvineAlloy"
      }
    ]
  }
}