{
  "_fv": 79,
  "_type": "achievement",
  "definition": {
    "achievementName": "An Upgrade",
    "achievementDescription": "Acquire any new Vanilla type item",
    "achievementIcon": {
      "value": "CUSTOM:DiamondDagger"
    },
    "background": "Default",
    "disableDisplay": false,
    "showPopup": true,
    "announceToChat": true,
    "hideIfNotCompleted": true,
    "rewardLoot": [],
    "rewardRecipes": [],
    "rewardXP": 2,
    "achievementType": "task",
    "parent": {
      "value": "CUSTOM:DarkenFoundAchievement"
    },
    "triggerxml": "<xml xmlns=\"https://developers.google.com/blockly/xml\"><block type=\"advancement_trigger\" deletable=\"false\" x=\"844\" y=\"18\"><next><block type=\"custom_trigger\"></block></next></block></xml>"
  }
}