{
  "name": "anomalies:residentual_bunker_rb_pool",
  "fallback": "minecraft:empty",
  "elements": [
    {
      "weight": 3,
      "element": {
        "element_type": "minecraft:single_pool_element",
        "location": "anomalies:rb_corridor_straight",
        "projection": "rigid",
        "processors": {
          "processors": []
        }
      }
    },
    {
      "weight": 3,
      "element": {
        "element_type": "minecraft:single_pool_element",
        "location": "anomalies:rb_corridor_x_section",
        "projection": "rigid",
        "processors": {
          "processors": []
        }
      }
    },
    {
      "weight": 3,
      "element": {
        "element_type": "minecraft:single_pool_element",
        "location": "anomalies:rb_corridor_turn",
        "projection": "rigid",
        "processors": {
          "processors": []
        }
      }
    },
    {
      "weight": 3,
      "element": {
        "element_type": "minecraft:single_pool_element",
        "location": "anomalies:rb_corridor_stub",
        "projection": "rigid",
        "processors": {
          "processors": []
        }
      }
    },
    {
      "weight": 3,
      "element": {
        "element_type": "minecraft:single_pool_element",
        "location": "anomalies:rb_corridor_collapsed_stub",
        "projection": "rigid",
        "processors": {
          "processors": []
        }
      }
    },
    {
      "weight": 1,
      "element": {
        "element_type": "minecraft:single_pool_element",
        "location": "anomalies:residentual_bunker",
        "projection": "rigid",
        "processors": {
          "processors": []
        }
      }
    },
    {
      "weight": 2,
      "element": {
        "element_type": "minecraft:single_pool_element",
        "location": "anomalies:rb_barracks",
        "projection": "rigid",
        "processors": {
          "processors": []
        }
      }
    },
    {
      "weight": 2,
      "element": {
        "element_type": "minecraft:single_pool_element",
        "location": "anomalies:rb_storage",
        "projection": "rigid",
        "processors": {
          "processors": []
        }
      }
    }
  ]
}