{
  "has_precipitation": false,
  "temperature": 1.6,
  "downfall": 0,
  "effects": {
    "ambient_sound": "ambient.crimson_forest.additions",
    "mood_sound": {
      "sound": "ambient.soul_sand_valley.mood",
      "tick_delay": 5985,
      "offset": 8,
      "block_search_extent": 2
    },
    "additions_sound": {
      "sound": "ambient.cave",
      "tick_chance": 0.0111
    },
    "music": {
      "sound": "ambient.basalt_deltas.loop",
      "min_delay": 12000,
      "max_delay": 24000,
      "replace_current_music": true
    },
    "particle": {
      "options": {
        "type": "anomalies:darkened"
      },
      "probability": 0.003
    },
    "foliage_color": -12041163,
    "grass_color": -14735329,
    "sky_color": -10066330,
    "fog_color": -13421773,
    "water_color": -12760751,
    "water_fog_color": -14867416
  },
  "spawners": {
    "monster": [],
    "creature": [],
    "ambient": [],
    "axolotls": [],
    "underground_water_creature": [],
    "water_creature": [],
    "water_ambient": [],
    "misc": []
  },
  "spawn_costs": {},
  "carvers": {
    "air": [
      "minecraft:cave",
      "minecraft:cave_extra_underground",
      "minecraft:canyon"
    ]
  },
  "features": [
    [],
    [
      "minecraft:lake_lava_underground"
    ],
    [],
    [
      "minecraft:fossil_upper",
      "minecraft:fossil_lower",
      "minecraft:monster_room",
      "minecraft:monster_room_deep"
    ],
    [],
    [],
    [
      "minecraft:ore_coal_upper",
      "minecraft:ore_coal_lower",
      "minecraft:ore_iron_upper",
      "minecraft:ore_iron_middle",
      "minecraft:ore_iron_small",
      "minecraft:ore_gold",
      "minecraft:ore_gold_lower",
      "minecraft:ore_redstone",
      "minecraft:ore_redstone_lower",
      "minecraft:ore_diamond",
      "minecraft:ore_diamond_large",
      "minecraft:ore_diamond_buried",
      "minecraft:ore_lapis",
      "minecraft:ore_lapis_buried",
      "minecraft:ore_copper",
      "minecraft:underwater_magma",
      "minecraft:ore_gold_extra"
    ],
    [],
    [],
    [
      "anomalies:darken_tree",
      "minecraft:patch_dead_bush_2"
    ],
    []
  ]
}