{
  "has_precipitation": false,
  "temperature": 2,
  "downfall": 0,
  "effects": {
    "mood_sound": {
      "sound": "ambient.basalt_deltas.mood",
      "tick_delay": 6000,
      "offset": 8,
      "block_search_extent": 2
    },
    "music": {
      "sound": "ambient.basalt_deltas.loop",
      "min_delay": 12000,
      "max_delay": 24000,
      "replace_current_music": true
    },
    "particle": {
      "options": {
        "type": "anomalies:darkened"
      },
      "probability": 0.001
    },
    "foliage_color": -12569291,
    "grass_color": -10669004,
    "sky_color": -7909296,
    "fog_color": -9157564,
    "water_color": -7077374,
    "water_fog_color": -11073785
  },
  "spawners": {
    "monster": [],
    "creature": [],
    "ambient": [],
    "axolotls": [],
    "underground_water_creature": [],
    "water_creature": [],
    "water_ambient": [],
    "misc": []
  },
  "spawn_costs": {},
  "carvers": {},
  "features": [
    [],
    [],
    [],
    [],
    [],
    [],
    [],
    [],
    [],
    [],
    []
  ]
}