{
  "display": {
    "icon": {
      "item": "anomalies:diamond_dagger"
    },
    "title": {
      "translate": "advancements.vanilla_misc_achievement.title"
    },
    "description": {
      "translate": "advancements.vanilla_misc_achievement.descr"
    },
    "frame": "task",
    "show_toast": true,
    "announce_to_chat": true,
    "hidden": true
  },
  "criteria": {
    "vanilla_misc_achievement_0": {
      "trigger": "minecraft:impossible"
    }
  },
  "rewards": {
    "experience": 2
  },
  "parent": "anomalies:darken_found_achievement"
}